{
	"shared_item_grid":
	{
		"type": "array",
		"orientation": "vertical",
		"margin": "0,0",
		"content":
		[
			{
				"type": "array",
				"orientation": "horizontal",
				"margin": "0,0",
				"content":
				[
					{
						"type": "itemgrid",
						"h_alignment": "center",
						"item_margin": "1,1",
						"rows":
						[
							[ "crono", "lucca", "marle", "frog", "robo","ayla", "magus" ],
							[ "pendant", "clone", "ctrigger", "dreamstone", "rubyknife", "gomode" ]
						]
					},
					{
						"type": "itemgrid",
						"h_alignment": "center",
						"item_margin": "1,1",
						"rows":
						[
							[ "rseriesboss", "gigagaiaboss", "guardianboss", "motherbrainboss", "nizbelboss" ],
							[ "sonofsunboss","blacktyranoboss", "zealboss", "golemboss" ]
						]
					}
				]
			}
		]
	},
	"tracker_capture_item":
	{
		"type": "container",
		"content":
		{
			"type": "layout",
			"key": "shared_item_grid"
		}
	},
	"tracker_default":
	{
		"type": "container",
		"width": 470,
		"height": 90,
		"background": "#101010",
		"content":
		{
			"type": "layout",
			"dropshadow": true,
			"margin": 1,
			"key": "shared_item_grid"
		}
	}
}
