{
	"shared_item_grid":
	{
		"type": "array",
		"orientation": "vertical",
		"margin": "0,0",
		"content":
		[
			{
				"type": "array",
				"orientation": "horizontal",
				"margin": "0,0",
				"content":
				[
					{
						"type": "itemgrid",
						"h_alignment": "center",
						"item_margin": "1,1",
						"rows":
						[
							[ "crono", "lucca", "marle", "frog", "robo","ayla", "magus" ],
							[ "pendant", "clone", "ctrigger", "dreamstone", "rubyknife", "gomode" ]
						]
					},
					{
						"type": "itemgrid",
						"h_alignment": "center",
						"item_margin": "1,1",
						"rows":
						[
							[ "rseriesboss", "gigagaiaboss", "guardianboss", "motherbrainboss", "nizbelboss" ],
							[ "sonofsunboss","blacktyranoboss", "zealboss", "golemboss" ]
							
						]
					}
				]
			}
		]
	},
	"flag_grid":
	{
		"type": "array",
		"orientation": "vertical",
		"margin": "0,0",
		"content":
		[
			{
				"type": "array",
				"orientation": "horizontal",
				"margin": "0,0",
				"content":
				[
					{
						"type": "array",
						"h_alignment": "center",
						"item_margin": "1,1",
						"content":
						[
                     {
                        "type": "item",
						"item": "Flag_CharLock_off",
						"scale": 0.90,
                        "margin": "0,5"
                     }	
						]
					}
				]
			}
		]
	},
	"tracker_capture_item":
	{
		"type": "container",
		"content":
		{
			"type": "itemgrid",
			"h_alignment": "center",
			"item_margin": "1,1",
			"rows":
			[
							[ "crono", "lucca", "marle", "frog", "robo","ayla", "magus" ],
							[ "pendant", "clone", "ctrigger", "dreamstone", "rubyknife", "gomode" ]
			]	
		}
	},
	"tracker_default":
	{
		"type": "container",
		"background": "#101010",
		"content":
		{
			"type": "dock",
			"dropshadow": true,
			"content":
			[
				{
					"type": "dock",
					"dock": "bottom",
					"h_alignment": "stretch",
					"content":
					[
						{
							"type": "dock",
							"dock": "left",
							"content":
							[
								{
									"type": "group",
									"header": "Items",
									"dock": "top",
									"content":
									{
										"type": "layout",
										"key": "shared_item_grid"
									}
								}
							]
						},
						{
							"type": "group",
							"header": "Flags",
							"content":
							{
										"type": "layout",
										"key": "flag_grid"
							}
						}
					]
				},
				{
					"type": "tabbed",
					"tabs":
					[
						{
							"title": "All Eras",
							"content":
							{
								"type": "map",
								"maps":
								[
									"Prehistory","Dark Ages","Future"
								]
							}
						},
						
						{
							"title": "Prehistory",
							"content":
							{
								"type": "map",
								"maps":
								[
									"Prehistory"
								]
							}
						},
						{
							"title": "Dark Ages",
							"content":
							{
								"type": "map",
								"maps":
								[
									"Dark Ages"
								]
							}
						},
						{
							"title": "Future",
							"content":
							{
								"type": "map",
								"maps":
								[
									"Future"
								]
							}
						}
					]
				}
			]
		}
	}
}
