[
	{
		"name": "All Locations",
		"children":
		[
			{
				"name": "Prehistory",
				"color": "#b82800",
				"access_rules":
				[
					"gatekey"
				],
				"children":
				[
					{
						"name": "Dactyl Nest",
						"access_rules":
						[
							"Flag_CharLock_on,dreamstone", "Flag_CharLock_off"
						],
						"sections":
						[
							{
								"name": "Friend to the Dactyls",
								"chest_unopened_img": "images/charno.png",
								"chest_opened_img": "images/charyes.png",
								"item_count": 1
							}
						],
						"map_locations":
						[
							{
								"map": "Prehistory",
								"x": 518,
								"y": 258
							},
							{
								"map": "All Eras",
								"x": 518,
								"y": 258
							}
						]
					},
					{
						"name": "Reptite Lair",
						"access_rules":
						[
							""
						],
						"sections":
						[
							{
								"name": "Nizbel",
								"hosted_item": "nizbelboss"
							},
							{
								"name": "Defeat Nizbel",
								"chest_unopened_img": "images/kino.png",
								"chest_opened_img": "images/kiyes.png",
								"item_count": 1
							}
						],
						"map_locations":
						[
							{
								"map": "Prehistory",
								"x": 543,
								"y": 826
							},
							{
								"map": "All Eras",
								"x": 543,
								"y": 826
							}
						]
					},
					{
						"name": "Sun Keep",
						"access_rules":
						[
							"gatekey,moonstone,[dragontankboss]"
						],
						"sections":
						[
							{
								"name": "Charge the Moonstone",
								"hosted_item": "Sunstone"
							}
						],
						"map_locations":
						[
							{
								"map": "Prehistory",
								"x": 1295,
								"y": 135
							},
							{
								"map": "Future",
								"x": 1257,
								"y": 132
							},
							{
								"map": "All Eras",
								"x": 1295,
								"y": 135
							},
							{
								"map": "All Eras",
								"x": 4367,
								"y": 135
							}
						]
					},
					{
						"name": "Tyrano Castle",
						"access_rules":
						[
							"dreamstone"
						],
						"sections":
						[
							{
								"name": "Black Tyrano",
								"hosted_item": "blacktyranoboss"
							}
						],
						"map_locations":
						[
							{
								"map": "Prehistory",
								"x": 848,
								"y": 565
							},
							{
								"map": "All Eras",
								"x": 848,
								"y": 565
							}
						]
					}
				]
			},
			{
				"name": "Dark Ages",
				"color": "#c0c0c8",
				"access_rules":
				[
					"blacktyranoboss", "magusboss"
				],
				"children":
				[
					{
						"name": "Mt Woe",
						"access_rules":
						[
							""
						],
						"sections":
						[
							{
								"name": "Giga Gaia",
								"hosted_item": "gigagaiaboss"
							},
							{
								"name": "Defeat Giga Gaia",
								"chest_unopened_img": "images/kino.png",
								"chest_opened_img": "images/kiyes.png",
								"item_count": 1
							}
						],
						"map_locations":
						[
							{
								"map": "Dark Ages",
								"x": 424,
								"y": 462
							},
							{
								"map": "All Eras",
								"x": 424,
								"y": 1486
							}
						]
					},
					{
						"name": "Ocean Palace",
						"access_rules":
						[
							"rubyknife"
						],
						"sections":
						[
							{
								"name": "Golem",
								"hosted_item": "golemboss"
							}
						],
						"map_locations":
						[
							{
								"map": "Dark Ages",
								"x": 1415,
								"y": 652
							},
							{
								"map": "All Eras",
								"x": 1415,
								"y": 1675
							}
						]
					}
				]
			},
			{
				"name": "Middle Ages",
				"color": "#306848",
				"access_rules":
				[
					""
				],
				"children":
				[
					{
						"name": "Manoria Cathedral",
						"access_rules":
						[
							""
						],
						"sections":
						[
							{
								"name": "Yakra",
								"hosted_item": "yakraboss"
							},
							{
								"name": "Saved by Frog",
								"chest_unopened_img": "images/charno.png",
								"chest_opened_img": "images/charyes.png",
								"item_count": 1
							}
						],
						"map_locations":
						[
							{
								"map": "Middle Ages",
								"x": 200,
								"y": 270
							},
							{
								"map": "All Eras",
								"x": 1736,
								"y": 270
							}
						]
					},
					{
						"name": "Cursed Woods",
						"access_rules":
						[
							""
						],
						"sections":
						[
							{
								"name": "Return the Masamune",
								"chest_unopened_img": "images/charno.png",
								"chest_opened_img": "images/charyes.png",
								"capture_item": true,
								"access_rules":
								[
									"masamune"
								],
								"item_count": 1
							},
							{
								"name": "Burrow Left Chest",
								"chest_unopened_img": "images/kino.png",
								"chest_opened_img": "images/kiyes.png",
								"access_rules":
								[
									"herosmedal"
								],
								"item_count": 1
							}
						],
						"map_locations":
						[
							{
								"map": "Middle Ages",
								"x": 248,
								"y": 748
							},
							{
								"map": "All Eras",
								"x": 1784,
								"y": 748
							}
						]
					},
					{
						"name": "Zenan Bridge",
						"access_rules":
						[
							""
						],
						"sections":
						[
							{
								"name": "Zombor",
								"hosted_item": "zomborboss"
							},
							{
								"name": "Cook's Rations",
								"chest_unopened_img": "images/kino.png",
								"chest_opened_img": "images/kiyes.png",
								"item_count": 1
							}
						],
						"map_locations":
						[
							{
								"map": "Middle Ages",
								"x": 247,
								"y": 454
							},
							{
								"map": "All Eras",
								"x": 1783,
								"y": 454
							}
						]
					},
					{
						"name": "Sunken Desert",
						"access_rules":
						[
							""
						],
						"sections":
						[
							{
								"name": "Retinite",
								"hosted_item": "retiniteboss"
							}
						],
						"map_locations":
						[
							{
								"map": "Middle Ages",
								"x": 359,
								"y": 714
							},
							{
								"map": "All Eras",
								"x": 1895,
								"y": 714
							}
						]
					},
					{
						"name": "Fiona's Villa/Shrine",
						"access_rules":
						[
							"robo,retiniteboss"
						],
						"sections":
						[
							{
								"name": "Replant the Forest",
								"chest_unopened_img": "images/kino.png",
								"chest_opened_img": "images/kiyes.png",
								"item_count": 1
							}
						],
						"map_locations":
						[
							{
								"map": "Middle Ages",
								"x": 410,
								"y": 668
							},
							{
								"map": "All Eras",
								"x": 1946,
								"y": 668
							}
						]
					},
					{
						"name": "Denadoro Mts",
						"access_rules":
						[
							""
						],
						"sections":
						[
							{
								"name": "Masa & Mune",
								"hosted_item": "masamuneboss"
							},
							{
								"name": "Defeat Masamune",
								"chest_unopened_img": "images/kino.png",
								"chest_opened_img": "images/kiyes.png",
								"item_count": 1
							}
						],
						"map_locations":
						[
							{
								"map": "Middle Ages",
								"x": 416,
								"y": 566
							},
							{
								"map": "All Eras",
								"x": 1952,
								"y": 566
							}
						]
					},
					{
						"name": "Guardia Castle",
						"access_rules":
						[
							""
						],
						"sections":
						[
							{
								"name": "Rescue Marle",
								"chest_unopened_img": "images/charno.png",
								"chest_opened_img": "images/charyes.png",
								"access_rules":
								[
									"yakraboss"
								],
								"item_count": 1
							}
						],
						"map_locations":
						[
							{
								"map": "Middle Ages",
								"x": 280,
								"y": 195
							},
							{
								"map": "All Eras",
								"x": 1816,
								"y": 195
							}
						]
					},
					{
						"name": "Giant's Claw",
						"access_rules":
						[
							"tomaspop"
						],
						"sections":
						[
							{
								"name": "Rust Tyrano",
								"hosted_item": "rusttyranoboss"
							},
							{
								"name": "Rainbow Shell",
								"chest_unopened_img": "images/kino.png",
								"chest_opened_img": "images/kiyes.png",
								"item_count": 1
							}
						],
						"map_locations":
						[
							{
								"map": "Middle Ages",
								"x": 954,
								"y": 588
							},
							{
								"map": "All Eras",
								"x": 2490,
								"y": 588
							}
						]
					},
					{
						"name": "Magus' Castle",
						"access_rules":
						[
							"frog,masamune"
						],
						"sections":
						[
							{
								"name": "Magus",
								"hosted_item": "magusboss"
							}
						],
						"map_locations":
						[
							{
								"map": "Middle Ages",
								"x": 672,
								"y": 466
							},
							{
								"map": "All Eras",
								"x": 2208,
								"y": 466
							}
						]
					}
				]
			},
			{
				"name": "Present",
				"color": "#609040",
				"access_rules":
				[
					""
				],
				"children":
				[
					{
						"name": "Guardia Castle",
						"access_rules":
						[
							""
						],
						"sections":
						[
							{
								"name": "Dragon Tank",
								"access_rules":
								[
									"pendant"
								],
								"hosted_item": "dragontankboss"
							},
							{
								"name": "Yakra XIII",
								"access_rules":
								[
									"marle,prismshard"
								],
								"hosted_item": "yakraxiiiboss"
							},
							{
								"name": "King Guardia's Trial",
								"chest_unopened_img": "images/kino.png",
								"chest_opened_img": "images/kiyes.png",
								"access_rules":
								[
									"marle,prismshard"
								],
								"item_count": 1
							},
							{
								"name": "Melchior's Refinements",
								"chest_unopened_img": "images/kino.png",
								"chest_opened_img": "images/kiyes.png",
								"access_rules":
								[
									"marle,prismshard,sunstone"
								],
								"item_count": 1
							}
						],
						"map_locations":
						[
							{
								"map": "Present",
								"x": 280,
								"y": 192
							},
							{
								"map": "All Eras",
								"x": 1816,
								"y": 1216
							}
						]
					},
					{
						"name": "Snail Stop",
						"access_rules":
						[
							""
						],
						"sections":
						[
							{
								"name": "Buy for 9900G",
								"chest_unopened_img": "images/kino.png",
								"chest_opened_img": "images/kiyes.png",
								"capture_item": true,
								"item_count": 1
							}
						],
						"map_locations":
						[
							{
								"map": "Present",
								"x": 441,
								"y": 860
							},
							{
								"map": "All Eras",
								"x": 1977,
								"y": 1884
							}
						]
					},
					{
						"name": "Heckran Cave",
						"access_rules":
						[
							""
						],
						"sections":
						[
							{
								"name": "Heckran",
								"hosted_item": "heckranboss"
							}
						],
						"map_locations":
						[
							{
								"map": "Present",
								"x": 682,
								"y": 444
							},
							{
								"map": "All Eras",
								"x": 2218,
								"y": 1468
							}
						]
					},
					{
						"name": "Choras Inn",
						"access_rules":
						[
							""
						],
						"sections":
						[
							{
								"name": "Borrow Carpenter's Tools",
								"chest_unopened_img": "images/kino.png",
								"chest_opened_img": "images/kiyes.png",
								"item_count": 1
							}
						],
						"map_locations":
						[
							{
								"map": "Present",
								"x": 1145,
								"y": 853
							},
							{
								"map": "All Eras",
								"x": 2681,
								"y": 1877
							}
						]
					},
					{
						"name": "Melchior's Hut",
						"access_rules":
						[
							"benthilt,bentsword"
						],
						"sections":
						[
							{
								"name": "Reforge the Masamune",
								"hosted_item": "masamune"
							}
						],
						"map_locations":
						[
							{
								"map": "Present",
								"x": 696,
								"y": 506
							},
							{
								"map": "All Eras",
								"x": 2232,
								"y": 1530
							}
						]
					},
					{
						"name": "Lucca's House",
						"access_rules":
						[
							"heckranboss"
						],
						"sections":
						[
							{
								"name": "Taban's Gift",
								"chest_unopened_img": "images/kino.png",
								"chest_opened_img": "images/kiyes.png",
								"item_count": 1
							}
						],
						"map_locations":
						[
							{
								"map": "Present",
								"x": 344,
								"y": 419
							},
							{
								"map": "All Eras",
								"x": 1880,
								"y": 1443
							}
						]
					}
				]
			},
			{
				"name": "Future",
				"color": "#482828",
				"access_rules":
				[
					"dragontankboss"
				],
				"children":
				[
					{
						"name": "Arris Dome",
						"access_rules":
						[
							""
						],
						"sections":
						[
							{
								"name": "Guardian",
								"hosted_item": "guardianboss"
							},
							{
								"name": "Activate the Computer",
								"chest_unopened_img": "images/kino.png",
								"chest_opened_img": "images/kiyes.png",
								"item_count": 1
							}
						],
						"map_locations":
						[
							{
								"map": "Future",
								"x": 447,
								"y": 359
							},
							{
								"map": "All Eras",
								"x": 3519,
								"y": 359
							}
						]
					},
					{
						"name": "Proto Dome",
						"access_rules":
						[
							"Flag_CharLock_on,rseriesboss", "Flag_CharLock_off"
						],
						"sections":
						[
							{
								"name": "Fix Robo",
								"chest_unopened_img": "images/charno.png",
								"chest_opened_img": "images/charyes.png",
								"item_count": 1
							}
						],
						"map_locations":
						[
							{
								"map": "Future",
								"x": 912,
								"y": 410
							},
							{
								"map": "All Eras",
								"x": 3984,
								"y": 410
							}
						]
					},
					{
						"name": "Factory",
						"access_rules":
						[
							""
						],
						"sections":
						[
							{
								"name": "R-Series",
								"hosted_item": "rseriesboss"
							}
						],
						"map_locations":
						[
							{
								"map": "Future",
								"x": 920,
								"y": 288
							},
							{
								"map": "All Eras",
								"x": 3992,
								"y": 288
							}
						]
					},
					{
						"name": "Geno Dome",
						"access_rules":
						[
							""
						],
						"sections":
						[
							{
								"name": "Mother Brain",
								"hosted_item": "motherbrainboss"
							},
							{
								"name": "Defeat Mother Brain",
								"chest_unopened_img": "images/kino.png",
								"chest_opened_img": "images/kiyes.png",
								"item_count": 1
							}
						],
						"map_locations":
						[
							{
								"map": "Future",
								"x": 1160,
								"y": 734
							},
							{
								"map": "All Eras",
								"x": 4232,
								"y": 734
							}
						]
					},
					{
						"name": "Sun Palace",
						"access_rules":
						[
							""
						],
						"sections":
						[
							{
								"name": "Son of Sun",
								"hosted_item": "sonofsunboss"
							},
							{
								"name": "Moon Stone",
								"chest_unopened_img": "images/kino.png",
								"chest_opened_img": "images/kiyes.png",
								"item_count": 1
							}
						],
						"map_locations":
						[
							{
								"map": "Future",
								"x": 487,
								"y": 883
							},
							{
								"map": "All Eras",
								"x": 3559,
								"y": 883
							}
						]
					},
					{
						"name": "Death Peak",
						"access_rules":
						[
							"clone,ctrigger"
						],
						"sections":
						[
							{
								"name": "Black Omen Path",
								"hosted_item": "zealboss"
							}
						],
						"map_locations":
						[
							{
								"map": "Future",
								"x": 676,
								"y": 551
							},
							{
								"map": "All Eras",
								"x": 3748,
								"y": 551
							}
						]
					}
				]
			},
			{
				"name": "End Of Time",
				"color": "#482828",
				"access_rules":
				[
					"gatekey", "rseriesboss"
				],
				"children":
				[
					{
						"name": "Spekkio",
						"access_rules":
						[
							""
						],
						"sections":
						[
							{
								"name": "Learn Magic",
								"hosted_item": "magic"
							}
						],
						"map_locations":
						[
							{
								"map": "End Of Time",
								"x": 1113,
								"y": 287
							},
							{
								"map": "All Eras",
								"x": 4185,
								"y": 1311
							}
						]
					}
				]
			}
		]
	}
]
			
